{
  "images": [
    {
      "filename": "iphone-20@2x.png",
      "idiom": "iphone",
      "scale": "2x",
      "size": "20x20"
    },
    {
      "filename": "iphone-20@3x.png",
      "idiom": "iphone",
      "scale": "3x",
      "size": "20x20"
    },
    {
      "filename": "iphone-29@2x.png",
      "idiom": "iphone",
      "scale": "2x",
      "size": "29x29"
    },
    {
      "filename": "iphone-29@3x.png",
      "idiom": "iphone",
      "scale": "3x",
      "size": "29x29"
    },
    {
      "filename": "iphone-40@2x.png",
      "idiom": "iphone",
      "scale": "2x",
      "size": "40x40"
    },
    {
      "filename": "iphone-40@3x.png",
      "idiom": "iphone",
      "scale": "3x",
      "size": "40x40"
    },
    {
      "filename": "iphone-60@2x.png",
      "idiom": "iphone",
      "scale": "2x",
      "size": "60x60"
    },
    {
      "filename": "iphone-60@3x.png",
      "idiom": "iphone",
      "scale": "3x",
      "size": "60x60"
    },
    {
      "filename": "ipad-20@1x.png",
      "idiom": "ipad",
      "scale": "1x",
      "size": "20x20"
    },
    {
      "filename": "ipad-20@2x.png",
      "idiom": "ipad",
      "scale": "2x",
      "size": "20x20"
    },
    {
      "filename": "ipad-29@1x.png",
      "idiom": "ipad",
      "scale": "1x",
      "size": "29x29"
    },
    {
      "filename": "ipad-29@2x.png",
      "idiom": "ipad",
      "scale": "2x",
      "size": "29x29"
    },
    {
      "filename": "ipad-40@1x.png",
      "idiom": "ipad",
      "scale": "1x",
      "size": "40x40"
    },
    {
      "filename": "ipad-40@2x.png",
      "idiom": "ipad",
      "scale": "2x",
      "size": "40x40"
    },
    {
      "filename": "ipad-76@1x.png",
      "idiom": "ipad",
      "scale": "1x",
      "size": "76x76"
    },
    {
      "filename": "ipad-76@2x.png",
      "idiom": "ipad",
      "scale": "2x",
      "size": "76x76"
    },
    {
      "filename": "ipad-83.5@2x.png",
      "idiom": "ipad",
      "scale": "2x",
      "size": "83.5x83.5"
    },
    {
      "filename": "ios-marketing-1024@1x.png",
      "idiom": "ios-marketing",
      "scale": "1x",
      "size": "1024x1024"
    }
  ],
  "info": {
    "author": "react-native-svg-app-icon",
    "version": 1
  }
}